{
  "favorites": [
    {
      "id": "1460679",
      "adult": false,
      "poster_path": "/rNJ1MKjOTJloFc2haZFGkMVrSvF.jpg",
      "overview": "Xaviersobased hits the iconic dance",
      "release_date": "2023-08-30",
      "title": "Nettspend live at market hotel in New York City",
      "genres": [
        99
      ]
    },
    {
      "id": "1461641",
      "adult": false,
      "poster_path": "/mC7Qc3tUShZWRNgTAK2C8Fwg0PA.jpg",
      "overview": "A young theater technician is left alone overnight to finalize lighting cues for his high-school’s upcoming play. As he faces technical difficulties and mounting pressure, eerie events begin to unravel, blurring the lines between reality and something darker.",
      "release_date": "2025-04-07",
      "title": "Curtain Call",
      "genres": [
        53,
        27,
        18,
        9648
      ]
    }
  ]
}